{
  "project_info": {
    "project_number": "453696296768",
    "project_id": "uni-porject",
    "storage_bucket": "uni-porject.appspot.com"
  },
  "client": [
    {
      "client_info": {
        "mobilesdk_app_id": "1:453696296768:android:e3fbff318c06ec26c88ca5",
        "android_client_info": {
          "package_name": "com.example.myapplication"
        }
      },
      "oauth_client": [],
      "api_key": [
        {
          "current_key": "AIzaSyD6XAKba2RXeSsFUsJQdzmB2NW_Jb26M54"
        }
      ],
      "services": {
        "appinvite_service": {
          "other_platform_oauth_client": []
        }
      }
    }
  ],
  "configuration_version": "1"
}